Workbook
Name LP: [1]Hoja1!$A$1:$F$38
Name LP_1: PLANILLA!$A$2:$AH$6

Sheet DB
A1: Id | B1: Nombre | C1: Numero | D1: Testructura | E1: Tauxiliar | F1: Tconductor | G1: Progresiva | H1: Cota | I1: Vertice | J1: Angulo | K1: VanoDelante | L1: Cantsoportes | M1: Tsoporte | N1: VanoPeso | O1: Vanoviento | P1: Retenidas | Q1: Contrapesos | R1: AmortiguadoresCP | S1: AmortiguadoresCG | T1: AmortiguadoresCS | U1: Tierra | V1: Cimentacion | W1: Comentarios | X1: Accesibilidad | Y1: Darboles | Z1: Tnormal | AA1: Trocoso | AB1: Thumedo | AC1: TkV | AD1: DesPosteMAD | AE1: DesPosteFierro | AF1: DesRetenida | AG1: DesVano | AH1: DesArmados | AI1: DesSecc | AJ1: MatExcedente | AK1: AbrazAislador
A2: 8 | B2: Derivacion 19 kV, 1x35 mm² AAAC - 1øMRT -Pto Libre-Pto-Yarina | C2: 0 | D2: DT-0 | E2: 0 | F2: AAAC-35 | G2: 0 | H2: 252 | I2: 0 | J2: 0° | K2: 86.38 | L2: 0 | M2: 13/200 | N2: 47.23 | O2: 43.19 | P2: - | Q2: 0 | R2: 0 | S2: 0 | T2: 0
A3: 8 | B3: Derivacion 19 kV, 1x35 mm² AAAC - 1øMRT -Pto Libre-Pto-Yarina | C3: 1 | D3: PSEC-0P | E3: 0 | F3: AAAC-35 | G3: 86.38 | H3: 250 | I3: P1 | J3: -4°52'16.80" | K3: 186.07 | L3: 1 | M3: 13/300 | N3: 125.33 | O3: 136.22 | P3: 1RI | Q3: 0 | R3: 0 | S3: 0 | T3: 0 | U3: PAT-1 | V3: CIM3
A4: 8 | B4: Derivacion 19 kV, 1x35 mm² AAAC - 1øMRT -Pto Libre-Pto-Yarina | C4: 2 | D4: PS1-0 | E4: 0 | F4: AAAC-35 | G4: 272.45 | H4: 251 | I4: 0 | J4: 0° | K4: 187.55 | L4: 1 | M4: 13/200 | N4: 189.24 | O4: 186.81 | P4: - | Q4: 0 | R4: 0 | S4: 0 | T4: 0 | U4: PAT-0 | V4: CIM3
A5: 8 | B5: Derivacion 19 kV, 1x35 mm² AAAC - 1øMRT -Pto Libre-Pto-Yarina | C5: 3 | D5: PS1-0 | E5: 0 | F5: AAAC-35 | G5: 459.99 | H5: 252 | I5: 0 | J5: 0° | K5: 186.87 | L5: 1 | M5: 13/200 | N5: 182.49 | O5: 187.21 | P5: - | Q5: 0 | R5: 0 | S5: 0 | T5: 0 | U5: PAT-0 | V5: CIM3
A6: 8 | B6: Derivacion 19 kV, 1x35 mm² AAAC - 1øMRT -Pto Libre-Pto-Yarina | C6: 4 | D6: PS1-0 | E6: 0 | F6: AAAC-35 | G6: 646.86 | H6: 254 | I6: 0 | J6: 0° | K6: 188.96 | L6: 1 | M6: 13/200 | N6: 203.31 | O6: 187.91 | P6: - | Q6: 0 | R6: 0 | S6: 0 | T6: 0 | U6: PAT-0 | V6: CIM3
A7: 8 | B7: Derivacion 19 kV, 1x35 mm² AAAC - 1øMRT -Pto Libre-Pto-Yarina | C7: 5 | D7: PS1-0 | E7: 0 | F7: AAAC-35 | G7: 835.82 | H7: 253 | I7: 0 | J7: 0° | K7: 180.34 | L7: 1 | M7: 13/200 | N7: 182.78 | O7: 184.65 | P7: - | Q7: 0 | R7: 0 | S7: 0 | T7: 0 | U7: PAT-0 | V7: CIM3
A8: 8 | B8: Derivacion 19 kV, 1x35 mm² AAAC - 1øMRT -Pto Libre-Pto-Yarina | C8: 6 | D8: PS1-0 | E8: 0 | F8: AAAC-35 | G8: 1016.16 | H8: 252.44 | I8: 0 | J8: 0° | K8: 197.47 | L8: 1 | M8: 13/200 | N8: 178.61 | O8: 188.9 | P8: - | Q8: 0 | R8: 0 | S8: 0 | T8: 0 | U8: PAT-0 | V8: CIM3
A9: 8 | B9: Derivacion 19 kV, 1x35 mm² AAAC - 1øMRT -Pto Libre-Pto-Yarina | C9: 7 | D9: PS1-0 | E9: 0 | F9: AAAC-35 | G9: 1213.63 | H9: 254 | I9: 0 | J9: 0° | K9: 182.42 | L9: 1 | M9: 13/200 | N9: 223.31 | O9: 189.94 | P9: - | Q9: 0 | R9: 0 | S9: 0 | T9: 0 | U9: PAT-0 | V9: CIM3
A10: 8 | B10: Derivacion 19 kV, 1x35 mm² AAAC - 1øMRT -Pto Libre-Pto-Yarina | C10: 8 | D10: PS1-0 | E10: 0 | F10: AAAC-35 | G10: 1396.05 | H10: 249 | I10: 0 | J10: 0° | K10: 183.39 | L10: 1 | M10: 13/200 | N10: 158 | O10: 182.91 | P10: - | Q10: 0 | R10: 0 | S10: 0 | T10: 0 | U10: PAT-0 | V10: CIM3
A11: 8 | B11: Derivacion 19 kV, 1x35 mm² AAAC - 1øMRT -Pto Libre-Pto-Yarina | C11: 9 | D11: PS1-0 | E11: 0 | F11: AAAC-35 | G11: 1579.44 | H11: 249 | I11: 0 | J11: 0° | K11: 172.09 | L11: 1 | M11: 13/200 | N11: 154.87 | O11: 177.74 | P11: - | Q11: 0 | R11: 0 | S11: 0 | T11: 0 | U11: PAT-0 | V11: CIM3
A12: 8 | B12: Derivacion 19 kV, 1x35 mm² AAAC - 1øMRT -Pto Libre-Pto-Yarina | C12: 10 | D12: PR3-0 | E12: 0 | F12: AAAC-35 | G12: 1751.52 | H12: 254 | I12: V | J12: -32°0'15.78" | K12: 152.8 | L12: 1 | M12: 13/300 | N12: 184.21 | O12: 162.45 | P12: 2RI | Q12: 0 | R12: 0 | S12: 0 | T12: 0 | U12: PAT-0 | V12: CIM3
A13: 8 | B13: Derivacion 19 kV, 1x35 mm² AAAC - 1øMRT -Pto Libre-Pto-Yarina | C13: 11 | D13: PS1-0 | E13: 0 | F13: AAAC-35 | G13: 1904.33 | H13: 253.88 | I13: 0 | J13: 0° | K13: 176.84 | L13: 1 | M13: 13/200 | N13: 151.45 | O13: 164.82 | P13: - | Q13: 0 | R13: 0 | S13: 0 | T13: 0 | U13: PAT-0 | V13: CIM3
A14: 8 | B14: Derivacion 19 kV, 1x35 mm² AAAC - 1øMRT -Pto Libre-Pto-Yarina | C14: 12 | D14: PS1-0 | E14: 0 | F14: AAAC-35 | G14: 2081.16 | H14: 256.91 | I14: 0 | J14: 0° | K14: 198.69 | L14: 1 | M14: 13/200 | N14: 178.17 | O14: 187.76 | P14: - | Q14: 0 | R14: 0 | S14: 0 | T14: 0 | U14: PAT-0 | V14: CIM3
A15: 8 | B15: Derivacion 19 kV, 1x35 mm² AAAC - 1øMRT -Pto Libre-Pto-Yarina | C15: 13 | D15: PS1-0 | E15: 0 | F15: AAAC-35 | G15: 2279.85 | H15: 262 | I15: 0 | J15: 0° | K15: 99.7 | L15: 1 | M15: 13/200 | N15: 150.74 | O15: 149.19 | P15: - | Q15: 0 | R15: 0 | S15: 0 | T15: 0 | U15: PAT-0 | V15: CIM3
A16: 8 | B16: Derivacion 19 kV, 1x35 mm² AAAC - 1øMRT -Pto Libre-Pto-Yarina | C16: 14 | D16: PR3-0 | E16: 0 | F16: AAAC-35 | G16: 2379.55 | H16: 267 | I16: V | J16: -38°39'35.31" | K16: 161.64 | L16: 1 | M16: 13/300 | N16: 163.15 | O16: 130.67 | P16: 2RI | Q16: 0 | R16: 0 | S16: 0 | T16: 0 | U16: PAT-0 | V16: CIM3
A17: 8 | B17: Derivacion 19 kV, 1x35 mm² AAAC - 1øMRT -Pto Libre-Pto-Yarina | C17: 15 | D17: PS1-0 | E17: 0 | F17: AAAC-35 | G17: 2541.19 | H17: 264.97 | I17: 0 | J17: 0° | K17: 199.36 | L17: 1 | M17: 13/200 | N17: 192.32 | O17: 180.5 | P17: - | Q17: 0 | R17: 0 | S17: 0 | T17: 0 | U17: PAT-0 | V17: CIM3
A18: 8 | B18: Derivacion 19 kV, 1x35 mm² AAAC - 1øMRT -Pto Libre-Pto-Yarina | C18: 16 | D18: PS1-0 | E18: 0 | F18: AAAC-35 | G18: 2740.55 | H18: 261.01 | I18: 0 | J18: 0° | K18: 234.76 | L18: 1 | M18: 13/200 | N18: 198.25 | O18: 217.06 | P18: - | Q18: 0 | R18: 0 | S18: 0 | T18: 0 | U18: PAT-0 | V18: CIM3
A19: 8 | B19: Derivacion 19 kV, 1x35 mm² AAAC - 1øMRT -Pto Libre-Pto-Yarina | C19: 17 | D19: PS1-0 | E19: 0 | F19: AAAC-35 | G19: 2975.31 | H19: 260.93 | I19: 0 | J19: 0° | K19: 188.9 | L19: 1 | M19: 13/200 | N19: 196.38 | O19: 211.83 | P19: - | Q19: 0 | R19: 0 | S19: 0 | T19: 0 | U19: PAT-0 | V19: CIM3
A20: 8 | B20: Derivacion 19 kV, 1x35 mm² AAAC - 1øMRT -Pto Libre-Pto-Yarina | C20: 18 | D20: PA1-0 | E20: 0 | F20: AAAC-35 | G20: 3164.21 | H20: 264 | I20: V | J20: -8°26'40.14" | K20: 249.33 | L20: 1 | M20: 13/200 | N20: 295.98 | O20: 219.11 | P20: 1RI | Q20: 0 | R20: 0 | S20: 0 | T20: 0 | U20: PAT-0 | V20: CIM3
A21: 8 | B21: Derivacion 19 kV, 1x35 mm² AAAC - 1øMRT -Pto Libre-Pto-Yarina | C21: 19 | D21: PS1-0 | E21: 0 | F21: AAAC-35 | G21: 3413.54 | H21: 251.01 | I21: 0 | J21: 0° | K21: 190.57 | L21: 1 | M21: 13/200 | N21: 174.26 | O21: 219.95 | P21: - | Q21: 0 | R21: 0 | S21: 0 | T21: 0 | U21: PAT-0 | V21: CIM3
A22: 8 | B22: Derivacion 19 kV, 1x35 mm² AAAC - 1øMRT -Pto Libre-Pto-Yarina | C22: 20 | D22: PA1-0 | E22: 0 | F22: AAAC-35 | G22: 3604.1 | H22: 248 | I22: FLP | J22: -25°20'11.83" | K22: 180.05 | L22: 1 | M22: 13/200 | N22: 155.86 | O22: 185.31 | P22: 1RI | Q22: 0 | R22: 0 | S22: 0 | T22: 0 | U22: PAT-0 | V22: CIM3
A23: 8 | B23: Derivacion 19 kV, 1x35 mm² AAAC - 1øMRT -Pto Libre-Pto-Yarina | C23: 21 | D23: PS1-0 | E23: 0 | F23: AAAC-35 | G23: 3784.16 | H23: 251 | I23: 0 | J23: 0° | K23: 135.27 | L23: 1 | M23: 13/200 | N23: 175.98 | O23: 157.66 | P23: - | Q23: 0 | R23: 0 | S23: 0 | T23: 0 | U23: PAT-0 | V23: CIM3
A24: 8 | B24: Derivacion 19 kV, 1x35 mm² AAAC - 1øMRT -Pto Libre-Pto-Yarina | C24: 22 | D24: PTV-0 | E24: 0 | F24: AAAC-35 | G24: 3919.43 | H24: 251 | I24: E22 | J24: 0° | K24: 0 | L24: 1 | M24: 13/300 | N24: 64.86 | O24: 67.64 | P24: 1RI | Q24: 0 | R24: 0 | S24: 0 | T24: 0 | U24: PAT-0 | V24: CIM3
A25: 9 | B25: Derivación 19 kV, 1x35 mm² AAAC - 1øMRT - Nazareth | C25: 0 | D25: DT-0 | F25: AAAC-35 | G25: 0 | H25: 267 | I25: Po | J25: 0° | K25: 52.64 | L25: 1 | M25: 13/200 | N25: 25.58 | O25: 26.32 | P25: - | Q25: 0 | R25: 0 | S25: 0 | T25: 0
A26: 9 | B26: Derivación 19 kV, 1x35 mm² AAAC - 1øMRT - Nazareth | C26: 1 | D26: PSEC-0P | F26: AAAC-35 | G26: 52.64 | H26: 266 | I26: V1 | J26: 34°55'37.99" | K26: 117.97 | L26: 1 | M26: 13/300 | N26: 96.94 | O26: 85.31 | P26: 1RI | Q26: 0 | R26: 0 | S26: 0 | T26: 0 | U26: PAT-1 | V26: CIM3
A27: 9 | B27: Derivación 19 kV, 1x35 mm² AAAC - 1øMRT - Nazareth | C27: 2 | D27: PR3-0 | F27: AAAC-35 | G27: 170.62 | H27: 264 | I27: P2 | J27: 0°0'0.46" | K27: 456.04 | L27: 1 | M27: 13/300 | N27: 396.81 | O27: 287.01 | P27: 2RI | Q27: 0 | R27: 2 | S27: 0 | T27: 0 | U27: PAT-0 | V27: CIM3
A28: 9 | B28: Derivación 19 kV, 1x35 mm² AAAC - 1øMRT - Nazareth | C28: 3 | D28: PR3-0 | F28: AAAC-35 | G28: 626.66 | H28: 231 | I28: V2 | J28: -5°20'28.34" | K28: 200.53 | L28: 1 | M28: 13m/C6 | N28: 193.42 | O28: 328.28 | P28: 2RI | Q28: 0 | R28: 0 | S28: 0 | T28: 0 | U28: PAT-0 | V28: CIM1
A29: 9 | B29: Derivación 19 kV, 1x35 mm² AAAC - 1øMRT - Nazareth | C29: 4 | D29: PTV-0 | F29: AAAC-35 | G29: 827.19 | H29: 234.5 | I29: FLP | J29: 0° | K29: 0 | L29: 1 | M29: 13m/C6 | N29: 117.81 | O29: 100.27 | P29: 1RI | Q29: 0 | R29: 0 | S29: 0 | T29: 0 | U29: PAT-0 | V29: CIM1
A30: 10 | B30: Derivación 19 kV, 1x35 mm² AAAC - 1øMRT - Shanshuya | C30: 0 | D30: DS-0A | F30: AAAC-35 | G30: 0 | H30: 267 | J30: 0° | K30: 52.47 | L30: 0 | M30: 13/200 | N30: 13.8 | O30: 26.23 | P30: - | Q30: 0 | R30: 0 | S30: 0 | T30: 0
A31: 10 | B31: Derivación 19 kV, 1x35 mm² AAAC - 1øMRT - Shanshuya | C31: 1 | D31: PSEC-0PA | F31: AAAC-35 | G31: 52.47 | H31: 268 | I31: V | J31: 19°17'10.30" | K31: 185.19 | L31: 1 | M31: 13/300 | N31: 140.07 | O31: 118.83 | P31: 1RI | Q31: 0 | R31: 0 | S31: 0 | T31: 0 | U31: PAT-1 | V31: CIM3
A32: 10 | B32: Derivación 19 kV, 1x35 mm² AAAC - 1øMRT - Shanshuya | C32: 2 | D32: PS1-0 | F32: AAAC-35 | G32: 237.66 | H32: 265.97 | J32: 0° | K32: 110.85 | L32: 1 | M32: 13/200 | N32: 114.67 | O32: 148.02 | P32: - | Q32: 0 | R32: 0 | S32: 0 | T32: 0 | U32: PAT-0 | V32: CIM3
A33: 10 | B33: Derivación 19 kV, 1x35 mm² AAAC - 1øMRT - Shanshuya | C33: 3 | D33: PS1-0 | F33: AAAC-35 | G33: 348.52 | H33: 269.99 | J33: 0° | K33: 170.04 | L33: 1 | M33: 13/200 | N33: 198.31 | O33: 140.45 | P33: - | Q33: 0 | R33: 0 | S33: 0 | T33: 0 | U33: PAT-0 | V33: CIM3
A34: 10 | B34: Derivación 19 kV, 1x35 mm² AAAC - 1øMRT - Shanshuya | C34: 4 | D34: PR3-0 | F34: AAAC-35 | G34: 518.56 | H34: 265 | J34: 0° | K34: 590.7 | L34: 1 | M34: 13/300 | N34: 343.77 | O34: 380.37 | P34: 2RI | Q34: 0 | R34: 2 | S34: 0 | T34: 0 | U34: PAT-0 | V34: CIM3
A35: 10 | B35: Derivación 19 kV, 1x35 mm² AAAC - 1øMRT - Shanshuya | C35: 5 | D35: PTV-0 | F35: AAAC-35 | G35: 1109.26 | H35: 267 | I35: FLP | J35: 0° | K35: 0 | L35: 1 | M35: 13m/C6 | N35: 301.98 | O35: 295.35 | P35: 1RI | Q35: 0 | R35: 0 | S35: 0 | T35: 0 | U35: PAT-0 | V35: CIM1
A36: 11 | B36: Derivación 19 kV, 1x35 mm² AAAC - 1øMRT -Vista Alegre | C36: 0 | D36: DS-0A | F36: AAAC-35 | G36: 0 | H36: 256 | J36: 0° | K36: 48.73 | L36: 0 | M36: 13/300 | N36: 29.52 | O36: 24.36 | P36: - | Q36: 0 | R36: 0 | S36: 0 | T36: 0
A37: 11 | B37: Derivación 19 kV, 1x35 mm² AAAC - 1øMRT -Vista Alegre | C37: 1 | D37: TS-0 | F37: AAAC-35 | G37: 48.73 | H37: 254 | I37: P1 | J37: 73°40'13.91" | K37: 126.44 | L37: 1 | M37: 13/300 | N37: 50.91 | O37: 87.59 | P37: 1RI | Q37: 0 | R37: 0 | S37: 0 | T37: 0 | U37: PAT-0 | V37: CIM3
A38: 11 | B38: Derivación 19 kV, 1x35 mm² AAAC - 1øMRT -Vista Alegre | C38: 2 | D38: PS1-0 | F38: AAAC-35 | G38: 175.17 | H38: 260 | J38: 0° | K38: 196.15 | L38: 1 | M38: 13m/C6 | N38: 178.47 | O38: 161.3 | P38: - | Q38: 0 | R38: 0 | S38: 0 | T38: 0 | U38: PAT-0 | V38: CIM1
A39: 11 | B39: Derivación 19 kV, 1x35 mm² AAAC - 1øMRT -Vista Alegre | C39: 3 | D39: PA1-0 | F39: AAAC-35 | G39: 371.32 | H39: 263 | I39: V1 | J39: 22°9'44.64" | K39: 127.39 | L39: 1 | M39: 13m/C6 | N39: 192.94 | O39: 161.77 | P39: 1RI | Q39: 0 | R39: 0 | S39: 0 | T39: 0 | U39: PAT-0 | V39: CIM1
A40: 11 | B40: Derivación 19 kV, 1x35 mm² AAAC - 1øMRT -Vista Alegre | C40: 4 | D40: PS1-0 | F40: AAAC-35 | G40: 498.71 | H40: 259.97 | J40: 0° | K40: 170.35 | L40: 1 | M40: 13m/C6 | N40: 124.28 | O40: 148.87 | P40: - | Q40: 0 | R40: 0 | S40: 0 | T40: 0 | U40: PAT-0 | V40: CIM1
A41: 11 | B41: Derivación 19 kV, 1x35 mm² AAAC - 1øMRT -Vista Alegre | C41: 5 | D41: PS1-0 | F41: AAAC-35 | G41: 669.06 | H41: 261.71 | J41: 0° | K41: 161.06 | L41: 1 | M41: 13m/C6 | N41: 230.12 | O41: 165.71 | P41: - | Q41: 0 | R41: 0 | S41: 0 | T41: 0 | U41: PAT-0 | V41: CIM1
A42: 11 | B42: Derivación 19 kV, 1x35 mm² AAAC - 1øMRT -Vista Alegre | C42: 6 | D42: PS1-0 | F42: AAAC-35 | G42: 830.12 | H42: 250.99 | J42: 0° | K42: 275.51 | L42: 1 | M42: 13m/C6 | N42: 159.3 | O42: 218.28 | P42: - | Q42: 0 | R42: 0 | S42: 0 | T42: 0 | U42: PAT-0 | V42: CIM1
A43: 11 | B43: Derivación 19 kV, 1x35 mm² AAAC - 1øMRT -Vista Alegre | C43: 7 | D43: PS1-0 | F43: AAAC-35 | G43: 1105.63 | H43: 251.99 | J43: 0° | K43: 293.99 | L43: 1 | M43: 13m/C6 | N43: 153.56 | O43: 284.75 | P43: - | Q43: 0 | R43: 0 | S43: 0 | T43: 0 | U43: PAT-0 | V43: CIM1
A44: 11 | B44: Derivación 19 kV, 1x35 mm² AAAC - 1øMRT -Vista Alegre | C44: 8 | D44: PA1-0 | F44: AAAC-35 | G44: 1399.62 | H44: 283 | I44: V3 | J44: 12°51'51.82" | K44: 319.68 | L44: 1 | M44: 13m/C6 | N44: 377.11 | O44: 306.83 | P44: 1RI | Q44: 0 | R44: 2 | S44: 0 | T44: 0 | U44: PAT-0 | V44: CIM1
A45: 11 | B45: Derivación 19 kV, 1x35 mm² AAAC - 1øMRT -Vista Alegre | C45: 9 | D45: PA1-0 | F45: AAAC-35 | G45: 1719.3 | H45: 299 | I45: V4 | J45: -21°3'57.24" | K45: 294.44 | L45: 1 | M45: 13m/C6 | N45: 416.42 | O45: 307.06 | P45: 1RI | Q45: 0 | R45: 0 | S45: 0 | T45: 0 | U45: PAT-0 | V45: CIM1
A46: 11 | B46: Derivación 19 kV, 1x35 mm² AAAC - 1øMRT -Vista Alegre | C46: 10 | D46: PA1-0 | F46: AAAC-35 | G46: 2013.74 | H46: 290 | I46: P10 | J46: 16°52'31.28" | K46: 483.03 | L46: 1 | M46: 13m/C6 | N46: 413.94 | O46: 388.73 | P46: 1RI | Q46: 0 | R46: 2 | S46: 0 | T46: 0 | U46: PAT-0 | V46: CIM1
A47: 11 | B47: Derivación 19 kV, 1x35 mm² AAAC - 1øMRT -Vista Alegre | C47: 11 | D47: PR3-0 | F47: AAAC-35 | G47: 2496.77 | H47: 272 | I47: V6 | J47: 6°29'52.94" | K47: 494.68 | L47: 1 | M47: 13m/C6 | N47: 502.13 | O47: 488.85 | P47: 2RI | Q47: 0 | R47: 2 | S47: 0 | T47: 0 | U47: PAT-0 | V47: CIM1
A48: 11 | B48: Derivación 19 kV, 1x35 mm² AAAC - 1øMRT -Vista Alegre | C48: 12 | D48: PTV-0 | F48: AAAC-35 | G48: 2991.45 | H48: 250 | I48: FLP | J48: 0° | K48: 0 | L48: 1 | M48: 13m/C6 | N48: 173.74 | O48: 247.34 | P48: 1RI | Q48: 0 | R48: 0 | S48: 0 | T48: 0 | U48: PAT-0 | V48: CIM1
A49: 12 | B49: Línea Primaria 19 kV, 1x35 mm² AAAC - 1øMRT - Juan Santos Atahualpa - Puerto Porvenir | C49: 0 | D49: DS-0 | F49: AAAC-35 | G49: 0 | H49: 246.12 | I49: E0 | J49: 0° | K49: 72.22 | L49: 0 | M49: 13m/C6 | N49: -90.82 | O49: 36.11 | P49: - | Q49: 0 | R49: 0 | S49: 0 | T49: 0
A50: 12 | B50: Línea Primaria 19 kV, 1x35 mm² AAAC - 1øMRT - Juan Santos Atahualpa - Puerto Porvenir | C50: 1 | D50: PSEC-0PA | F50: AAAC-35 | G50: 72.22 | H50: 256.11 | I50: E1V | J50: 17°33'25.89" | K50: 273.04 | L50: 1 | M50: 13m/C6 | N50: 201.81 | O50: 172.63 | P50: 1RI | Q50: 0 | R50: 0 | S50: 0 | T50: 0 | U50: PAT-1 | V50: CIM1
A51: 12 | B51: Línea Primaria 19 kV, 1x35 mm² AAAC - 1øMRT - Juan Santos Atahualpa - Puerto Porvenir | C51: 2 | D51: PS1-0 | F51: AAAC-35 | G51: 345.26 | H51: 273 | J51: 0° | K51: 252.99 | L51: 1 | M51: 13m/C6 | N51: 393.68 | O51: 263.02 | P51: - | Q51: 0 | R51: 0 | S51: 0 | T51: 0 | U51: PAT-0 | V51: CIM1
A52: 12 | B52: Línea Primaria 19 kV, 1x35 mm² AAAC - 1øMRT - Juan Santos Atahualpa - Puerto Porvenir | C52: 3 | D52: PA1-0 | F52: AAAC-35 | G52: 598.25 | H52: 267.83 | I52: E4V | J52: 28°1'10.60" | K52: 145.89 | L52: 1 | M52: 13m/C6 | N52: 225.44 | O52: 199.44 | P52: 1RI | Q52: 0 | R52: 0 | S52: 0 | T52: 0 | U52: PAT-0 | V52: CIM1
A53: 12 | B53: Línea Primaria 19 kV, 1x35 mm² AAAC - 1øMRT - Juan Santos Atahualpa - Puerto Porvenir | C53: 4 | D53: PR3-0 | F53: AAAC-35 | G53: 744.14 | H53: 261.12 | I53: E5V | J53: -47°57'36.33" | K53: 408.7 | L53: 1 | M53: 13m/C6 | N53: -0.03 | O53: 277.3 | P53: 2RI | Q53: 0 | R53: 2 | S53: 0 | T53: 0 | U53: PAT-0 | V53: CIM1
A54: 12 | B54: Línea Primaria 19 kV, 1x35 mm² AAAC - 1øMRT - Juan Santos Atahualpa - Puerto Porvenir | C54: 5 | D54: TS-0 | F54: AAAC-35 | G54: 1152.85 | H54: 313.12 | J54: 0° | K54: 49.99 | L54: 1 | M54: 13m/C6 | N54: 421.97 | O54: 229.34 | P54: 1RI | Q54: 0 | R54: 0 | S54: 0 | T54: 0 | U54: PAT-0 | V54: CIM1
A55: 12 | B55: Línea Primaria 19 kV, 1x35 mm² AAAC - 1øMRT - Juan Santos Atahualpa - Puerto Porvenir | C55: 6 | D55: TS-0 | F55: AAAC-35 | G55: 1202.83 | H55: 316.98 | J55: 0° | K55: 209.29 | L55: 1 | M55: 13m/C6 | N55: 289.98 | O55: 129.64 | P55: 1RI | Q55: 0 | R55: 0 | S55: 0 | T55: 0 | U55: PAT-0 | V55: CIM1
A56: 12 | B56: Línea Primaria 19 kV, 1x35 mm² AAAC - 1øMRT - Juan Santos Atahualpa - Puerto Porvenir | C56: 7 | D56: PS1-0 | F56: AAAC-35 | G56: 1412.12 | H56: 297.51 | J56: 0° | K56: 203.96 | L56: 1 | M56: 13m/C6 | N56: 164.58 | O56: 206.63 | P56: - | Q56: 0 | R56: 0 | S56: 0 | T56: 0 | U56: PAT-0 | V56: CIM1
A57: 12 | B57: Línea Primaria 19 kV, 1x35 mm² AAAC - 1øMRT - Juan Santos Atahualpa - Puerto Porvenir | C57: 8 | D57: PA1-0 | F57: AAAC-35 | G57: 1616.08 | H57: 285.08 | I57: E9V | J57: -18°56'14.64" | K57: 287.68 | L57: 1 | M57: 13m/C6 | N57: 313.8 | O57: 245.82 | P57: 1RI | Q57: 0 | R57: 0 | S57: 0 | T57: 0 | U57: PAT-0 | V57: CIM1
A58: 12 | B58: Línea Primaria 19 kV, 1x35 mm² AAAC - 1øMRT - Juan Santos Atahualpa - Puerto Porvenir | C58: 9 | D58: PR3-0 | F58: AAAC-35 | G58: 1903.76 | H58: 258.12 | I58: E10V | J58: 6°32'0.68" | K58: 405.46 | L58: 1 | M58: 13m/C6 | N58: 266.34 | O58: 346.57 | P58: 2RI | Q58: 0 | R58: 2 | S58: 0 | T58: 0 | U58: PAT-0 | V58: CIM1
A59: 12 | B59: Línea Primaria 19 kV, 1x35 mm² AAAC - 1øMRT - Juan Santos Atahualpa - Puerto Porvenir | C59: 10 | D59: TS-0 | F59: AAAC-35 | G59: 2309.22 | H59: 242 | I59: CRIO | J59: -70°38'53.76" | K59: 32.76 | L59: 1 | M59: 13m/C6 | N59: 182.92 | O59: 219.11 | P59: 1RI | Q59: 0 | R59: 0 | S59: 0 | T59: 0 | U59: PAT-0 | V59: CIM1
A60: 12 | B60: Línea Primaria 19 kV, 1x35 mm² AAAC - 1øMRT - Juan Santos Atahualpa - Puerto Porvenir | C60: 11 | D60: TS-0 | F60: AAAC-35 | G60: 2341.97 | H60: 238 | I60: VFLOJO | J60: 39°51'32.33" | K60: 79.28 | L60: 1 | M60: 13m/C6 | N60: 2.15 | O60: 56.02 | P60: 1RI | Q60: 0 | R60: 0 | S60: 0 | T60: 0 | U60: PAT-0 | V60: CIM1
A61: 12 | B61: Línea Primaria 19 kV, 1x35 mm² AAAC - 1øMRT - Juan Santos Atahualpa - Puerto Porvenir | C61: 12 | D61: PS1-0 | F61: AAAC-35 | G61: 2421.25 | H61: 239.98 | J61: 0° | K61: 54.9 | L61: 1 | M61: 13m/C6 | N61: 92.18 | O61: 67.09 | P61: - | Q61: 0 | R61: 0 | S61: 0 | T61: 0 | U61: PAT-0 | V61: CIM1
A62: 12 | B62: Línea Primaria 19 kV, 1x35 mm² AAAC - 1øMRT - Juan Santos Atahualpa - Puerto Porvenir | C62: 13 | D62: PA3-0 | F62: AAAC-35 | G62: 2476.16 | H62: 240 | I62: V | J62: 60°37'10.73" | K62: 196.37 | L62: 1 | M62: 13m/C6 | N62: 98.27 | O62: 125.64 | P62: 2RI | Q62: 0 | R62: 0 | S62: 0 | T62: 0 | U62: PAT-0 | V62: CIM1
A63: 12 | B63: Línea Primaria 19 kV, 1x35 mm² AAAC - 1øMRT - Juan Santos Atahualpa - Puerto Porvenir | C63: 14 | D63: PS1-0 | F63: AAAC-35 | G63: 2672.52 | H63: 242.99 | J63: 0° | K63: 181.19 | L63: 1 | M63: 13m/C6 | N63: 249.05 | O63: 188.78 | P63: - | Q63: 0 | R63: 0 | S63: 0 | T63: 0 | U63: PAT-0 | V63: CIM1
A64: 12 | B64: Línea Primaria 19 kV, 1x35 mm² AAAC - 1øMRT - Juan Santos Atahualpa - Puerto Porvenir | C64: 15 | D64: PS1-0 | F64: AAAC-35 | G64: 2853.71 | H64: 237.98 | J64: 0° | K64: 176.55 | L64: 1 | M64: 13m/C6 | N64: 106.32 | O64: 178.87 | P64: - | Q64: 0 | R64: 0 | S64: 0 | T64: 0 | U64: PAT-0 | V64: CIM1
A65: 12 | B65: Línea Primaria 19 kV, 1x35 mm² AAAC - 1øMRT - Juan Santos Atahualpa - Puerto Porvenir | C65: 16 | D65: PS1-0 | F65: AAAC-35 | G65: 3030.26 | H65: 242.98 | J65: 0° | K65: 308.35 | L65: 1 | M65: 13m/C6 | N65: 262.34 | O65: 242.45 | P65: - | Q65: 0 | R65: 0 | S65: 0 | T65: 0 | U65: PAT-0 | V65: CIM1
A66: 12 | B66: Línea Primaria 19 kV, 1x35 mm² AAAC - 1øMRT - Juan Santos Atahualpa - Puerto Porvenir | C66: 17 | D66: PA1-0 | F66: AAAC-35 | G66: 3338.61 | H66: 246.22 | I66: E16V | J66: 22°35'25.12" | K66: 246.91 | L66: 1 | M66: 13m/C6 | N66: 235.61 | O66: 277.63 | P66: 1RI | Q66: 0 | R66: 0 | S66: 0 | T66: 0 | U66: PAT-0 | V66: CIM1
A67: 12 | B67: Línea Primaria 19 kV, 1x35 mm² AAAC - 1øMRT - Juan Santos Atahualpa - Puerto Porvenir | C67: 18 | D67: PS1-0 | F67: AAAC-35 | G67: 3585.52 | H67: 256 | J67: 0° | K67: 91.14 | L67: 1 | M67: 13m/C6 | N67: 255.34 | O67: 169.02 | P67: - | Q67: 0 | R67: 0 | S67: 0 | T67: 0 | U67: PAT-0 | V67: CIM1
A68: 12 | B68: Línea Primaria 19 kV, 1x35 mm² AAAC - 1øMRT - Juan Santos Atahualpa - Puerto Porvenir | C68: 19 | D68: PS1-0 | F68: AAAC-35 | G68: 3676.65 | H68: 252.98 | J68: 0° | K68: 267.88 | L68: 1 | M68: 13m/C6 | N68: 101.14 | O68: 179.51 | P68: - | Q68: 0 | R68: 0 | S68: 0 | T68: 0 | U68: PAT-0 | V68: CIM1
A69: 12 | B69: Línea Primaria 19 kV, 1x35 mm² AAAC - 1øMRT - Juan Santos Atahualpa - Puerto Porvenir | C69: 20 | D69: PS1-0 | F69: AAAC-35 | G69: 3944.54 | H69: 262 | J69: 0° | K69: 119.32 | L69: 1 | M69: 13m/C6 | N69: 263.05 | O69: 193.6 | P69: - | Q69: 0 | R69: 0 | S69: 0 | T69: 0 | U69: PAT-0 | V69: CIM1
A70: 12 | B70: Línea Primaria 19 kV, 1x35 mm² AAAC - 1øMRT - Juan Santos Atahualpa - Puerto Porvenir | C70: 21 | D70: PS1-0 | F70: AAAC-35 | G70: 4063.86 | H70: 259.98 | J70: 0° | K70: 166.44 | L70: 1 | M70: 13m/C6 | N70: 155.26 | O70: 142.88 | P70: - | Q70: 0 | R70: 0 | S70: 0 | T70: 0 | U70: PAT-0 | V70: CIM1
A71: 12 | B71: Línea Primaria 19 kV, 1x35 mm² AAAC - 1øMRT - Juan Santos Atahualpa - Puerto Porvenir | C71: 22 | D71: PS1-0 | F71: AAAC-35 | G71: 4230.3 | H71: 256.08 | J71: 0° | K71: 142.05 | L71: 1 | M71: 13m/C6 | N71: 109.93 | O71: 154.25 | P71: - | Q71: 0 | R71: 0 | S71: 0 | T71: 0 | U71: PAT-0 | V71: CIM1
A72: 12 | B72: Línea Primaria 19 kV, 1x35 mm² AAAC - 1øMRT - Juan Santos Atahualpa - Puerto Porvenir | C72: 23 | D72: PS1-0 | F72: AAAC-35 | G72: 4372.35 | H72: 257.98 | J72: 0° | K72: 129.26 | L72: 1 | M72: 13m/C6 | N72: 126.05 | O72: 135.66 | P72: - | Q72: 0 | R72: 0 | S72: 0 | T72: 0 | U72: PAT-0 | V72: CIM1
A73: 12 | B73: Línea Primaria 19 kV, 1x35 mm² AAAC - 1øMRT - Juan Santos Atahualpa - Puerto Porvenir | C73: 24 | D73: PS1-0 | F73: AAAC-35 | G73: 4501.61 | H73: 261 | J73: 0° | K73: 187.42 | L73: 1 | M73: 13m/C6 | N73: 149.36 | O73: 158.34 | P73: - | Q73: 0 | R73: 0 | S73: 0 | T73: 0 | U73: PAT-0 | V73: CIM1
A74: 12 | B74: Línea Primaria 19 kV, 1x35 mm² AAAC - 1øMRT - Juan Santos Atahualpa - Puerto Porvenir | C74: 25 | D74: PR3-0 | F74: AAAC-35 | G74: 4689.04 | H74: 266.25 | I74: E24V | J74: 23°18'22.07" | K74: 347.51 | L74: 1 | M74: 13m/C6 | N74: 350.15 | O74: 267.47 | P74: 2RI | Q74: 0 | R74: 2 | S74: 0 | T74: 0 | U74: PAT-0 | V74: CIM1
A75: 12 | B75: Línea Primaria 19 kV, 1x35 mm² AAAC - 1øMRT - Juan Santos Atahualpa - Puerto Porvenir | C75: 26 | D75: PS1-0 | F75: AAAC-35 | G75: 5036.55 | H75: 255.89 | J75: 0° | K75: 143.34 | L75: 1 | M75: 13m/C6 | N75: 228.71 | O75: 245.43 | P75: - | Q75: 0 | R75: 0 | S75: 0 | T75: 0 | U75: PAT-0 | V75: CIM1
A76: 12 | B76: Línea Primaria 19 kV, 1x35 mm² AAAC - 1øMRT - Juan Santos Atahualpa - Puerto Porvenir | C76: 27 | D76: PS1-0 | F76: AAAC-35 | G76: 5179.89 | H76: 252 | J76: 0° | K76: 97.54 | L76: 1 | M76: 13m/C6 | N76: 12.94 | O76: 120.44 | P76: - | Q76: 0 | R76: 0 | S76: 0 | T76: 0 | U76: PAT-0 | V76: CIM1
A77: 12 | B77: Línea Primaria 19 kV, 1x35 mm² AAAC - 1øMRT - Juan Santos Atahualpa - Puerto Porvenir | C77: 28 | D77: PA1-0 | F77: AAAC-35 | G77: 5277.43 | H77: 260.63 | I77: E27V | J77: -28°14'18.05" | K77: 213.05 | L77: 1 | M77: 13m/C6 | N77: 205.94 | O77: 155.29 | P77: 1RI | Q77: 0 | R77: 0 | S77: 0 | T77: 0 | U77: PAT-0 | V77: CIM1
A78: 12 | B78: Línea Primaria 19 kV, 1x35 mm² AAAC - 1øMRT - Juan Santos Atahualpa - Puerto Porvenir | C78: 29 | D78: PA3-0 | F78: AAAC-35 | G78: 5490.48 | H78: 265.08 | I78: E28V | J78: 90°56'13.64" | K78: 546.52 | L78: 1 | M78: 13m/C6 | N78: 433.74 | O78: 379.79 | P78: 2RI | Q78: 0 | R78: 2 | S78: 0 | T78: 0 | U78: PAT-0 | V78: CIM1
A79: 12 | B79: Línea Primaria 19 kV, 1x35 mm² AAAC - 1øMRT - Juan Santos Atahualpa - Puerto Porvenir | C79: 30 | D79: PR3-0 | F79: AAAC-35 | G79: 6037 | H79: 257.32 | J79: 0° | K79: 71.66 | L79: 1 | M79: 13m/C6 | N79: 200.82 | O79: 309.09 | P79: 1RI | Q79: 0 | R79: 0 | S79: 0 | T79: 0 | U79: PAT-0 | V79: CIM1
A80: 12 | B80: Línea Primaria 19 kV, 1x35 mm² AAAC - 1øMRT - Juan Santos Atahualpa - Puerto Porvenir | C80: 31 | D80: PR3-0 | F80: AAAC-35 | G80: 6108.66 | H80: 266.04 | I80: E20V | J80: -49°6'5.01" | K80: 173.15 | L80: 1 | M80: 13m/C6 | N80: 299.26 | O80: 122.4 | P80: 1RI | Q80: 0 | R80: 0 | S80: 0 | T80: 0 | U80: PAT-0 | V80: CIM1
A81: 12 | B81: Línea Primaria 19 kV, 1x35 mm² AAAC - 1øMRT - Juan Santos Atahualpa - Puerto Porvenir | C81: 32 | D81: PS1-0 | F81: AAAC-35 | G81: 6281.81 | H81: 252.97 | J81: 0° | K81: 163.09 | L81: 1 | M81: 13m/C6 | N81: 89.5 | O81: 168.12 | P81: - | Q81: 0 | R81: 0 | S81: 0 | T81: 0 | U81: PAT-0 | V81: CIM1
A82: 12 | B82: Línea Primaria 19 kV, 1x35 mm² AAAC - 1øMRT - Juan Santos Atahualpa - Puerto Porvenir | C82: 33 | D82: PTV-0 | F82: AAAC-35 | G82: 6444.9 | H82: 251.57 | I82: E32V | J82: 0° | K82: 0 | L82: 1 | M82: 13m/C6 | N82: 67.61 | O82: 81.54 | P82: 1RI | Q82: 0 | R82: 0 | S82: 0 | T82: 0 | U82: PAT-0 | V82: CIM1
A83: 15 | B83: Línea Primaria 19 kV, 1x35 mm² AAAC - 1øMRT - San Juan - Sargento Lorenz | C83: 0 | D83: DS-0A | F83: AAAC-35 | G83: 0 | H83: 270.05 | I83: v1 | J83: 0° | K83: 19.69 | L83: 0 | M83: 13/200 | N83: 18.52 | O83: 9.85 | P83: - | Q83: 0 | R83: 0 | S83: 0 | T83: 0
A84: 15 | B84: Línea Primaria 19 kV, 1x35 mm² AAAC - 1øMRT - San Juan - Sargento Lorenz | C84: 1 | D84: PSEC-0PA | F84: AAAC-35 | G84: 19.69 | H84: 267.79 | J84: 0° | K84: 167.64 | L84: 1 | M84: 13/300 | N84: 93.85 | O84: 93.66 | P84: 1RI | Q84: 0 | R84: 0 | S84: 0 | T84: 0 | U84: PAT-1 | V84: CIM3
A85: 15 | B85: Línea Primaria 19 kV, 1x35 mm² AAAC - 1øMRT - San Juan - Sargento Lorenz | C85: 2 | D85: PS1-0 | F85: AAAC-35 | G85: 187.33 | H85: 266.17 | J85: 0° | K85: 233.35 | L85: 1 | M85: 13/200 | N85: 134.13 | O85: 200.49 | P85: - | Q85: 0 | R85: 0 | S85: 0 | T85: 0 | U85: PAT-0 | V85: CIM3
A86: 15 | B86: Línea Primaria 19 kV, 1x35 mm² AAAC - 1øMRT - San Juan - Sargento Lorenz | C86: 3 | D86: PS1-0 | F86: AAAC-35 | G86: 420.68 | H86: 275.37 | J86: 0° | K86: 177.75 | L86: 1 | M86: 13/200 | N86: 314.92 | O86: 205.55 | P86: - | Q86: 0 | R86: 0 | S86: 0 | T86: 0 | U86: PAT-0 | V86: CIM3
A87: 15 | B87: Línea Primaria 19 kV, 1x35 mm² AAAC - 1øMRT - San Juan - Sargento Lorenz | C87: 4 | D87: PS1-0 | F87: AAAC-35 | G87: 598.43 | H87: 268.34 | J87: 0° | K87: 232.44 | L87: 1 | M87: 13/200 | N87: 217.74 | O87: 205.1 | P87: - | Q87: 0 | R87: 0 | S87: 0 | T87: 0 | U87: PAT-0 | V87: CIM3
A88: 15 | B88: Línea Primaria 19 kV, 1x35 mm² AAAC - 1øMRT - San Juan - Sargento Lorenz | C88: 5 | D88: PS1-0 | F88: AAAC-35 | G88: 830.87 | H88: 258.3 | J88: 0° | K88: 273.62 | L88: 1 | M88: 13/200 | N88: 163.79 | O88: 253.03 | P88: - | Q88: 0 | R88: 0 | S88: 0 | T88: 0 | U88: PAT-0 | V88: CIM3
A89: 15 | B89: Línea Primaria 19 kV, 1x35 mm² AAAC - 1øMRT - San Juan - Sargento Lorenz | C89: 6 | D89: PS1-0 | F89: AAAC-35 | G89: 1104.49 | H89: 262.9 | J89: 0° | K89: 191.38 | L89: 1 | M89: 13/200 | N89: 280.51 | O89: 232.5 | P89: - | Q89: 0 | R89: 0 | S89: 0 | T89: 0 | U89: PAT-0 | V89: CIM3
A90: 15 | B90: Línea Primaria 19 kV, 1x35 mm² AAAC - 1øMRT - San Juan - Sargento Lorenz | C90: 7 | D90: PS1-0 | F90: AAAC-35 | G90: 1295.88 | H90: 259.85 | J90: 0° | K90: 93.48 | L90: 1 | M90: 13/200 | N90: 147.09 | O90: 142.43 | P90: - | Q90: 0 | R90: 0 | S90: 0 | T90: 0 | U90: PAT-0 | V90: CIM3
A91: 15 | B91: Línea Primaria 19 kV, 1x35 mm² AAAC - 1øMRT - San Juan - Sargento Lorenz | C91: 8 | D91: PS1-0 | F91: AAAC-35 | G91: 1389.36 | H91: 256.89 | J91: 0° | K91: 308.53 | L91: 1 | M91: 13/200 | N91: 218.82 | O91: 201.01 | P91: - | Q91: 0 | R91: 0 | S91: 0 | T91: 0 | U91: PAT-0 | V91: CIM3
A92: 15 | B92: Línea Primaria 19 kV, 1x35 mm² AAAC - 1øMRT - San Juan - Sargento Lorenz | C92: 9 | D92: PR3-0 | F92: AAAC-35 | G92: 1697.89 | H92: 249.09 | J92: 0° | K92: 206.87 | L92: 1 | M92: 13/300 | N92: 245.75 | O92: 257.7 | P92: 2RI | Q92: 0 | R92: 0 | S92: 0 | T92: 0 | U92: PAT-0 | V92: CIM3
A93: 15 | B93: Línea Primaria 19 kV, 1x35 mm² AAAC - 1øMRT - San Juan - Sargento Lorenz | C93: 10 | D93: PS1-0 | F93: AAAC-35 | G93: 1904.77 | H93: 244.03 | J93: 0° | K93: 155.83 | L93: 1 | M93: 13/200 | N93: 55.02 | O93: 181.35 | P93: - | Q93: 0 | R93: 0 | S93: 0 | T93: 0 | U93: PAT-0 | V93: CIM3
A94: 15 | B94: Línea Primaria 19 kV, 1x35 mm² AAAC - 1øMRT - San Juan - Sargento Lorenz | C94: 11 | D94: PS1-0 | F94: AAAC-35 | G94: 2060.6 | H94: 256.45 | J94: 0° | K94: 139.79 | L94: 1 | M94: 13/200 | N94: 231.4 | O94: 147.81 | P94: - | Q94: 0 | R94: 0 | S94: 0 | T94: 0 | U94: PAT-0 | V94: CIM3
A95: 15 | B95: Línea Primaria 19 kV, 1x35 mm² AAAC - 1øMRT - San Juan - Sargento Lorenz | C95: 12 | D95: PS1-0 | F95: AAAC-35 | G95: 2200.39 | H95: 258 | I95: V | J95: -1°29'12.43" | K95: 160.33 | L95: 1 | M95: 13/200 | N95: 173.68 | O95: 150.06 | P95: - | Q95: 0 | R95: 0 | S95: 0 | T95: 0 | U95: PAT-0 | V95: CIM3
A96: 15 | B96: Línea Primaria 19 kV, 1x35 mm² AAAC - 1øMRT - San Juan - Sargento Lorenz | C96: 13 | D96: PR3-0 | F96: AAAC-35 | G96: 2360.72 | H96: 257 | I96: V | J96: 7°29'14.35" | K96: 113.69 | L96: 1 | M96: 13/300 | N96: 96.38 | O96: 137.01 | P96: 2RI | Q96: 0 | R96: 0 | S96: 0 | T96: 0 | U96: PAT-0 | V96: CIM3
A97: 15 | B97: Línea Primaria 19 kV, 1x35 mm² AAAC - 1øMRT - San Juan - Sargento Lorenz | C97: 14 | D97: PS1-0 | F97: AAAC-35 | G97: 2474.41 | H97: 260.04 | J97: 0° | K97: 120.79 | L97: 1 | M97: 13/200 | N97: 183.15 | O97: 117.24 | P97: - | Q97: 0 | R97: 0 | S97: 0 | T97: 0 | U97: PAT-0 | V97: CIM3
A98: 15 | B98: Línea Primaria 19 kV, 1x35 mm² AAAC - 1øMRT - San Juan - Sargento Lorenz | C98: 15 | D98: PS1-0 | F98: AAAC-35 | G98: 2595.2 | H98: 255.74 | J98: 0° | K98: 295.14 | L98: 1 | M98: 13/200 | N98: 185.71 | O98: 207.96 | P98: - | Q98: 0 | R98: 0 | S98: 0 | T98: 0 | U98: PAT-0 | V98: CIM3
A99: 15 | B99: Línea Primaria 19 kV, 1x35 mm² AAAC - 1øMRT - San Juan - Sargento Lorenz | C99: 16 | D99: PR3-0 | F99: AAAC-35 | G99: 2890.34 | H99: 253.69 | I99: v2 | J99: 28°0'5.30" | K99: 109.68 | L99: 1 | M99: 13/300 | N99: 173.41 | O99: 202.41 | P99: 2RI | Q99: 0 | R99: 0 | S99: 0 | T99: 0 | U99: PAT-0 | V99: CIM3
A100: 15 | B100: Línea Primaria 19 kV, 1x35 mm² AAAC - 1øMRT - San Juan - Sargento Lorenz | C100: 17 | D100: PS1-0 | F100: AAAC-35 | G100: 3000.02 | H100: 255.07 | J100: 0° | K100: 126.7 | L100: 1 | M100: 13/200 | N100: 110.45 | O100: 118.19 | P100: - | Q100: 0 | R100: 0 | S100: 0 | T100: 0 | U100: PAT-0 | V100: CIM3
...

Sheet PLANILLA
A1: EST. Nº | B1: Armado | C1: Principal | D1: Auxiliar | E1: Fusible Jgo | F1: Progresiva | G1: Cota | H1: Vano Peso m | I1: Vano Viento m | J1: Vértice | K1: Angulo | L1: Cantidad | M1: Longitud | N1: Material | O1: codigo | P1: Tipo de Terreno (%) | S1: Vano Adelante | T1: Sección | U1: Nº de | V1: Amortiguadores | W1: RI-A | X1: RV-A | Y1: RYI | Z1: RYV | AA1: Tipo | AB1: Fundación | AC1: Tipo Aislador Pin | AD1: Tipo Aislador Suspensión | AE1: Accesibilidad | AF1: Despeje de Arboles % | AG1: Abrazadera Para Aislador de Suspensión | AH1: Comentarios
A2: =+DB!C2 -> 0 | B2: =+DB!D2 -> DT-0 | C2: =+DB!E2 -> 0 | D2: =+IF(B2="PSEC-0PA","K",0) -> 0 | E2: =+DB!G2 -> 0 | F2: =+DB!H2 -> 252 | G2: =+DB!N2 -> 47.23 | H2: =+DB!O2 -> 43.19 | I2: =+DB!I2 -> 0 | J2: =+DB!J2 -> 0° | K2: =+DB!L2 -> 0 | L2: =+LEFT(N2,2) -> 13 | M2: =+IF(LEFT(DB!M2,3)="13/","CAC","MAD") -> CAC | N2: =+RIGHT(DB!M2,6) -> 13/200 | O2: 95 | P2: 5 | Q2: =+DB!AB2 -> 0 | R2: =+DB!K2 -> 86.38 | S2: =+DB!F2 -> AAAC-35 | T2: =+IF(DB!F2="AAAC-35",1,3) -> 1 | U2: =+DB!R2 -> 0 | V2: =+IF(DB!P2="1RI",1,0)+IF(DB!P2="2RI",2,0) -> 0 | W2: =+IF(DB!P2="1RV",1,0)+IF(DB!P2="2RV",2,0) -> 0 | X2: =+IF(DB!P2="RYI",1,0) -> 0 | Y2: =+IF(DB!P2="RYV",1,0) -> 0 | Z2: =+DB!U2 -> 0 | AA2: =+IF(DB!F2="AAAC-35",19.5,33) -> 19.5 | AB2: =+DB!V2 -> 0 | AC2: =+IF(F2>1675,"56-5","56-4") -> 56-4 | AD2: 'IPB-36' | AE2: =+DB!X2 -> 0 | AF2: =+DB!Y2 -> 0 | AG2: =+DB!AK2 -> 0
A3: =+DB!C3 -> 1 | B3: =+DB!D3 -> PSEC-0P | C3: =+DB!E3 -> 0 | D3: =+IF(B3="PSEC-0PA","K",0) -> 0 | E3: =+DB!G3 -> 86.38 | F3: =+DB!H3 -> 250 | G3: =+DB!N3 -> 125.33 | H3: =+DB!O3 -> 136.22 | I3: =+DB!I3 -> P1 | J3: =+DB!J3 -> -4°52'16.80" | K3: =+DB!L3 -> 1 | L3: =+LEFT(N3,2) -> 13 | M3: =+IF(LEFT(DB!M3,3)="13/","CAC","MAD") -> CAC | N3: =+RIGHT(DB!M3,6) -> 13/300 | O3: 95 | P3: 5 | Q3: =+DB!AB3 -> 0 | R3: =+DB!K3 -> 186.07 | S3: =+DB!F3 -> AAAC-35 | T3: =+IF(DB!F3="AAAC-35",1,3) -> 1 | U3: =+DB!R3 -> 0 | V3: =+IF(DB!P3="1RI",1,0)+IF(DB!P3="2RI",2,0) -> 1 | W3: =+IF(DB!P3="1RV",1,0)+IF(DB!P3="2RV",2,0) -> 0 | X3: =+IF(DB!P3="RYI",1,0) -> 0 | Y3: =+IF(DB!P3="RYV",1,0) -> 0 | Z3: =+DB!U3 -> PAT-1 | AA3: =+IF(DB!F3="AAAC-35",19.5,33) -> 19.5 | AB3: =+DB!V3 -> CIM3 | AC3: =+IF(F3>1675,"56-5","56-4") -> 56-4 | AD3: 'IPB-36' | AE3: =+DB!X3 -> 0 | AF3: =+DB!Y3 -> 0 | AG3: =+DB!AK3 -> 0
A4: =+DB!C4 -> 2 | B4: =+DB!D4 -> PS1-0 | C4: =+DB!E4 -> 0 | D4: =+IF(B4="PSEC-0PA","K",0) -> 0 | E4: =+DB!G4 -> 272.45 | F4: =+DB!H4 -> 251 | G4: =+DB!N4 -> 189.24 | H4: =+DB!O4 -> 186.81 | I4: =+DB!I4 -> 0 | J4: =+DB!J4 -> 0° | K4: =+DB!L4 -> 1 | L4: =+LEFT(N4,2) -> 13 | M4: =+IF(LEFT(DB!M4,3)="13/","CAC","MAD") -> CAC | N4: =+RIGHT(DB!M4,6) -> 13/200 | O4: 95 | P4: 5 | Q4: =+DB!AB4 -> 0 | R4: =+DB!K4 -> 187.55 | S4: =+DB!F4 -> AAAC-35 | T4: =+IF(DB!F4="AAAC-35",1,3) -> 1 | U4: =+DB!R4 -> 0 | V4: =+IF(DB!P4="1RI",1,0)+IF(DB!P4="2RI",2,0) -> 0 | W4: =+IF(DB!P4="1RV",1,0)+IF(DB!P4="2RV",2,0) -> 0 | X4: =+IF(DB!P4="RYI",1,0) -> 0 | Y4: =+IF(DB!P4="RYV",1,0) -> 0 | Z4: =+DB!U4 -> PAT-0 | AA4: =+IF(DB!F4="AAAC-35",19.5,33) -> 19.5 | AB4: =+DB!V4 -> CIM3 | AC4: =+IF(F4>1675,"56-5","56-4") -> 56-4 | AD4: 'IPB-36' | AE4: =+DB!X4 -> 0 | AF4: =+DB!Y4 -> 0 | AG4: =+DB!AK4 -> 0
A5: =+DB!C5 -> 3 | B5: =+DB!D5 -> PS1-0 | C5: =+DB!E5 -> 0 | D5: =+IF(B5="PSEC-0PA","K",0) -> 0 | E5: =+DB!G5 -> 459.99 | F5: =+DB!H5 -> 252 | G5: =+DB!N5 -> 182.49 | H5: =+DB!O5 -> 187.21 | I5: =+DB!I5 -> 0 | J5: =+DB!J5 -> 0° | K5: =+DB!L5 -> 1 | L5: =+LEFT(N5,2) -> 13 | M5: =+IF(LEFT(DB!M5,3)="13/","CAC","MAD") -> CAC | N5: =+RIGHT(DB!M5,6) -> 13/200 | O5: 95 | P5: 5 | Q5: =+DB!AB5 -> 0 | R5: =+DB!K5 -> 186.87 | S5: =+DB!F5 -> AAAC-35 | T5: =+IF(DB!F5="AAAC-35",1,3) -> 1 | U5: =+DB!R5 -> 0 | V5: =+IF(DB!P5="1RI",1,0)+IF(DB!P5="2RI",2,0) -> 0 | W5: =+IF(DB!P5="1RV",1,0)+IF(DB!P5="2RV",2,0) -> 0 | X5: =+IF(DB!P5="RYI",1,0) -> 0 | Y5: =+IF(DB!P5="RYV",1,0) -> 0 | Z5: =+DB!U5 -> PAT-0 | AA5: =+IF(DB!F5="AAAC-35",19.5,33) -> 19.5 | AB5: =+DB!V5 -> CIM3 | AC5: =+IF(F5>1675,"56-5","56-4") -> 56-4 | AD5: 'IPB-36' | AE5: =+DB!X5 -> 0 | AF5: =+DB!Y5 -> 0 | AG5: =+DB!AK5 -> 0
A6: =+DB!C6 -> 4 | B6: =+DB!D6 -> PS1-0 | C6: =+DB!E6 -> 0 | D6: =+IF(B6="PSEC-0PA","K",0) -> 0 | E6: =+DB!G6 -> 646.86 | F6: =+DB!H6 -> 254 | G6: =+DB!N6 -> 203.31 | H6: =+DB!O6 -> 187.91 | I6: =+DB!I6 -> 0 | J6: =+DB!J6 -> 0° | K6: =+DB!L6 -> 1 | L6: =+LEFT(N6,2) -> 13 | M6: =+IF(LEFT(DB!M6,3)="13/","CAC","MAD") -> CAC | N6: =+RIGHT(DB!M6,6) -> 13/200 | O6: 95 | P6: 5 | Q6: =+DB!AB6 -> 0 | R6: =+DB!K6 -> 188.96 | S6: =+DB!F6 -> AAAC-35 | T6: =+IF(DB!F6="AAAC-35",1,3) -> 1 | U6: =+DB!R6 -> 0 | V6: =+IF(DB!P6="1RI",1,0)+IF(DB!P6="2RI",2,0) -> 0 | W6: =+IF(DB!P6="1RV",1,0)+IF(DB!P6="2RV",2,0) -> 0 | X6: =+IF(DB!P6="RYI",1,0) -> 0 | Y6: =+IF(DB!P6="RYV",1,0) -> 0 | Z6: =+DB!U6 -> PAT-0 | AA6: =+IF(DB!F6="AAAC-35",19.5,33) -> 19.5 | AB6: =+DB!V6 -> CIM3 | AC6: =+IF(F6>1675,"56-5","56-4") -> 56-4 | AD6: 'IPB-36' | AE6: =+DB!X6 -> 0 | AF6: =+DB!Y6 -> 0 | AG6: =+DB!AK6 -> 0
A7: =+DB!C7 -> 5 | B7: =+DB!D7 -> PS1-0 | C7: =+DB!E7 -> 0 | D7: =+IF(B7="PSEC-0PA","K",0) -> 0 | E7: =+DB!G7 -> 835.82 | F7: =+DB!H7 -> 253 | G7: =+DB!N7 -> 182.78 | H7: =+DB!O7 -> 184.65 | I7: =+DB!I7 -> 0 | J7: =+DB!J7 -> 0° | K7: =+DB!L7 -> 1 | L7: =+LEFT(N7,2) -> 13 | M7: =+IF(LEFT(DB!M7,3)="13/","CAC","MAD") -> CAC | N7: =+RIGHT(DB!M7,6) -> 13/200 | O7: 95 | P7: 5 | Q7: =+DB!AB7 -> 0 | R7: =+DB!K7 -> 180.34 | S7: =+DB!F7 -> AAAC-35 | T7: =+IF(DB!F7="AAAC-35",1,3) -> 1 | U7: =+DB!R7 -> 0 | V7: =+IF(DB!P7="1RI",1,0)+IF(DB!P7="2RI",2,0) -> 0 | W7: =+IF(DB!P7="1RV",1,0)+IF(DB!P7="2RV",2,0) -> 0 | X7: =+IF(DB!P7="RYI",1,0) -> 0 | Y7: =+IF(DB!P7="RYV",1,0) -> 0 | Z7: =+DB!U7 -> PAT-0 | AA7: =+IF(DB!F7="AAAC-35",19.5,33) -> 19.5 | AB7: =+DB!V7 -> CIM3 | AC7: =+IF(F7>1675,"56-5","56-4") -> 56-4 | AD7: 'IPB-36' | AE7: =+DB!X7 -> 0 | AF7: =+DB!Y7 -> 0 | AG7: =+DB!AK7 -> 0
A8: =+DB!C8 -> 6 | B8: =+DB!D8 -> PS1-0 | C8: =+DB!E8 -> 0 | D8: =+IF(B8="PSEC-0PA","K",0) -> 0 | E8: =+DB!G8 -> 1016.16 | F8: =+DB!H8 -> 252.44 | G8: =+DB!N8 -> 178.61 | H8: =+DB!O8 -> 188.9 | I8: =+DB!I8 -> 0 | J8: =+DB!J8 -> 0° | K8: =+DB!L8 -> 1 | L8: =+LEFT(N8,2) -> 13 | M8: =+IF(LEFT(DB!M8,3)="13/","CAC","MAD") -> CAC | N8: =+RIGHT(DB!M8,6) -> 13/200 | O8: 95 | P8: 5 | Q8: =+DB!AB8 -> 0 | R8: =+DB!K8 -> 197.47 | S8: =+DB!F8 -> AAAC-35 | T8: =+IF(DB!F8="AAAC-35",1,3) -> 1 | U8: =+DB!R8 -> 0 | V8: =+IF(DB!P8="1RI",1,0)+IF(DB!P8="2RI",2,0) -> 0 | W8: =+IF(DB!P8="1RV",1,0)+IF(DB!P8="2RV",2,0) -> 0 | X8: =+IF(DB!P8="RYI",1,0) -> 0 | Y8: =+IF(DB!P8="RYV",1,0) -> 0 | Z8: =+DB!U8 -> PAT-0 | AA8: =+IF(DB!F8="AAAC-35",19.5,33) -> 19.5 | AB8: =+DB!V8 -> CIM3 | AC8: =+IF(F8>1675,"56-5","56-4") -> 56-4 | AD8: 'IPB-36' | AE8: =+DB!X8 -> 0 | AF8: =+DB!Y8 -> 0 | AG8: =+DB!AK8 -> 0
A9: =+DB!C9 -> 7 | B9: =+DB!D9 -> PS1-0 | C9: =+DB!E9 -> 0 | D9: =+IF(B9="PSEC-0PA","K",0) -> 0 | E9: =+DB!G9 -> 1213.63 | F9: =+DB!H9 -> 254 | G9: =+DB!N9 -> 223.31 | H9: =+DB!O9 -> 189.94 | I9: =+DB!I9 -> 0 | J9: =+DB!J9 -> 0° | K9: =+DB!L9 -> 1 | L9: =+LEFT(N9,2) -> 13 | M9: =+IF(LEFT(DB!M9,3)="13/","CAC","MAD") -> CAC | N9: =+RIGHT(DB!M9,6) -> 13/200 | O9: 95 | P9: 5 | Q9: =+DB!AB9 -> 0 | R9: =+DB!K9 -> 182.42 | S9: =+DB!F9 -> AAAC-35 | T9: =+IF(DB!F9="AAAC-35",1,3) -> 1 | U9: =+DB!R9 -> 0 | V9: =+IF(DB!P9="1RI",1,0)+IF(DB!P9="2RI",2,0) -> 0 | W9: =+IF(DB!P9="1RV",1,0)+IF(DB!P9="2RV",2,0) -> 0 | X9: =+IF(DB!P9="RYI",1,0) -> 0 | Y9: =+IF(DB!P9="RYV",1,0) -> 0 | Z9: =+DB!U9 -> PAT-0 | AA9: =+IF(DB!F9="AAAC-35",19.5,33) -> 19.5 | AB9: =+DB!V9 -> CIM3 | AC9: =+IF(F9>1675,"56-5","56-4") -> 56-4 | AD9: 'IPB-36' | AE9: =+DB!X9 -> 0 | AF9: =+DB!Y9 -> 0 | AG9: =+DB!AK9 -> 0
A10: =+DB!C10 -> 8 | B10: =+DB!D10 -> PS1-0 | C10: =+DB!E10 -> 0 | D10: =+IF(B10="PSEC-0PA","K",0) -> 0 | E10: =+DB!G10 -> 1396.05 | F10: =+DB!H10 -> 249 | G10: =+DB!N10 -> 158 | H10: =+DB!O10 -> 182.91 | I10: =+DB!I10 -> 0 | J10: =+DB!J10 -> 0° | K10: =+DB!L10 -> 1 | L10: =+LEFT(N10,2) -> 13 | M10: =+IF(LEFT(DB!M10,3)="13/","CAC","MAD") -> CAC | N10: =+RIGHT(DB!M10,6) -> 13/200 | O10: 95 | P10: 5 | Q10: =+DB!AB10 -> 0 | R10: =+DB!K10 -> 183.39 | S10: =+DB!F10 -> AAAC-35 | T10: =+IF(DB!F10="AAAC-35",1,3) -> 1 | U10: =+DB!R10 -> 0 | V10: =+IF(DB!P10="1RI",1,0)+IF(DB!P10="2RI",2,0) -> 0 | W10: =+IF(DB!P10="1RV",1,0)+IF(DB!P10="2RV",2,0) -> 0 | X10: =+IF(DB!P10="RYI",1,0) -> 0 | Y10: =+IF(DB!P10="RYV",1,0) -> 0 | Z10: =+DB!U10 -> PAT-0 | AA10: =+IF(DB!F10="AAAC-35",19.5,33) -> 19.5 | AB10: =+DB!V10 -> CIM3 | AC10: =+IF(F10>1675,"56-5","56-4") -> 56-4 | AD10: 'IPB-36' | AE10: =+DB!X10 -> 0 | AF10: =+DB!Y10 -> 0 | AG10: =+DB!AK10 -> 0
A11: =+DB!C11 -> 9 | B11: =+DB!D11 -> PS1-0 | C11: =+DB!E11 -> 0 | D11: =+IF(B11="PSEC-0PA","K",0) -> 0 | E11: =+DB!G11 -> 1579.44 | F11: =+DB!H11 -> 249 | G11: =+DB!N11 -> 154.87 | H11: =+DB!O11 -> 177.74 | I11: =+DB!I11 -> 0 | J11: =+DB!J11 -> 0° | K11: =+DB!L11 -> 1 | L11: =+LEFT(N11,2) -> 13 | M11: =+IF(LEFT(DB!M11,3)="13/","CAC","MAD") -> CAC | N11: =+RIGHT(DB!M11,6) -> 13/200 | O11: 95 | P11: 5 | Q11: =+DB!AB11 -> 0 | R11: =+DB!K11 -> 172.09 | S11: =+DB!F11 -> AAAC-35 | T11: =+IF(DB!F11="AAAC-35",1,3) -> 1 | U11: =+DB!R11 -> 0 | V11: =+IF(DB!P11="1RI",1,0)+IF(DB!P11="2RI",2,0) -> 0 | W11: =+IF(DB!P11="1RV",1,0)+IF(DB!P11="2RV",2,0) -> 0 | X11: =+IF(DB!P11="RYI",1,0) -> 0 | Y11: =+IF(DB!P11="RYV",1,0) -> 0 | Z11: =+DB!U11 -> PAT-0 | AA11: =+IF(DB!F11="AAAC-35",19.5,33) -> 19.5 | AB11: =+DB!V11 -> CIM3 | AC11: =+IF(F11>1675,"56-5","56-4") -> 56-4 | AD11: 'IPB-36' | AE11: =+DB!X11 -> 0 | AF11: =+DB!Y11 -> 0 | AG11: =+DB!AK11 -> 0
A12: =+DB!C12 -> 10 | B12: =+DB!D12 -> PR3-0 | C12: =+DB!E12 -> 0 | D12: =+IF(B12="PSEC-0PA","K",0) -> 0 | E12: =+DB!G12 -> 1751.52 | F12: =+DB!H12 -> 254 | G12: =+DB!N12 -> 184.21 | H12: =+DB!O12 -> 162.45 | I12: =+DB!I12 -> V | J12: =+DB!J12 -> -32°0'15.78" | K12: =+DB!L12 -> 1 | L12: =+LEFT(N12,2) -> 13 | M12: =+IF(LEFT(DB!M12,3)="13/","CAC","MAD") -> CAC | N12: =+RIGHT(DB!M12,6) -> 13/300 | O12: 95 | P12: 5 | Q12: =+DB!AB12 -> 0 | R12: =+DB!K12 -> 152.8 | S12: =+DB!F12 -> AAAC-35 | T12: =+IF(DB!F12="AAAC-35",1,3) -> 1 | U12: =+DB!R12 -> 0 | V12: =+IF(DB!P12="1RI",1,0)+IF(DB!P12="2RI",2,0) -> 2 | W12: =+IF(DB!P12="1RV",1,0)+IF(DB!P12="2RV",2,0) -> 0 | X12: =+IF(DB!P12="RYI",1,0) -> 0 | Y12: =+IF(DB!P12="RYV",1,0) -> 0 | Z12: =+DB!U12 -> PAT-0 | AA12: =+IF(DB!F12="AAAC-35",19.5,33) -> 19.5 | AB12: =+DB!V12 -> CIM3 | AC12: =+IF(F12>1675,"56-5","56-4") -> 56-4 | AD12: 'IPB-36' | AE12: =+DB!X12 -> 0 | AF12: =+DB!Y12 -> 0 | AG12: =+DB!AK12 -> 0
A13: =+DB!C13 -> 11 | B13: =+DB!D13 -> PS1-0 | C13: =+DB!E13 -> 0 | D13: =+IF(B13="PSEC-0PA","K",0) -> 0 | E13: =+DB!G13 -> 1904.33 | F13: =+DB!H13 -> 253.88 | G13: =+DB!N13 -> 151.45 | H13: =+DB!O13 -> 164.82 | I13: =+DB!I13 -> 0 | J13: =+DB!J13 -> 0° | K13: =+DB!L13 -> 1 | L13: =+LEFT(N13,2) -> 13 | M13: =+IF(LEFT(DB!M13,3)="13/","CAC","MAD") -> CAC | N13: =+RIGHT(DB!M13,6) -> 13/200 | O13: 95 | P13: 5 | Q13: =+DB!AB13 -> 0 | R13: =+DB!K13 -> 176.84 | S13: =+DB!F13 -> AAAC-35 | T13: =+IF(DB!F13="AAAC-35",1,3) -> 1 | U13: =+DB!R13 -> 0 | V13: =+IF(DB!P13="1RI",1,0)+IF(DB!P13="2RI",2,0) -> 0 | W13: =+IF(DB!P13="1RV",1,0)+IF(DB!P13="2RV",2,0) -> 0 | X13: =+IF(DB!P13="RYI",1,0) -> 0 | Y13: =+IF(DB!P13="RYV",1,0) -> 0 | Z13: =+DB!U13 -> PAT-0 | AA13: =+IF(DB!F13="AAAC-35",19.5,33) -> 19.5 | AB13: =+DB!V13 -> CIM3 | AC13: =+IF(F13>1675,"56-5","56-4") -> 56-4 | AD13: 'IPB-36' | AE13: =+DB!X13 -> 0 | AF13: =+DB!Y13 -> 0 | AG13: =+DB!AK13 -> 0
... A879: =+DB!C879 -> 0 | B879: =+DB!D879 -> 0 | C879: =+DB!E879 -> 0 | D879: =+IF(B879="PSEC-0PA","K",0) -> 0 | E879: =+DB!G879 -> 0 | F879: =+DB!H879 -> 0 | G879: =+DB!N879 -> 0 | H879: =+DB!O879 -> 0 | I879: =+DB!I879 -> 0 | J879: =+DB!J879 -> 0 | K879: =+DB!L879 -> 0 | L879: =+LEFT(N879,2) | M879: =+IF(LEFT(DB!M879,3)="13/","CAC","MAD") -> MAD | N879: =+RIGHT(DB!M879,6) | O879: 95 | P879: 5 | Q879: =+DB!AB879 -> 0 | R879: =+DB!K879 -> 0 | S879: =+DB!F879 -> 0 | T879: =+IF(DB!F879="AAAC-35",1,3) -> 3 | U879: =+DB!R879 -> 0 | V879: =+IF(DB!P879="1RI",1,0)+IF(DB!P879="2RI",2,0) -> 0 | W879: =+IF(DB!P879="1RV",1,0)+IF(DB!P879="2RV",2,0) -> 0 | X879: =+IF(DB!P879="RYI",1,0) -> 0 | Y879: =+IF(DB!P879="RYV",1,0) -> 0 | Z879: =+DB!U879 -> 0 | AA879: =+IF(DB!F879="AAAC-35",19.5,33) -> 33 | AB879: =+DB!V879 -> 0 | AC879: =+IF(F879>1675,"56-5","56-4") -> 56-4 | AD879: 'IPB-36' | AE879: =+DB!X879 -> 0 | AF879: =+DB!Y879 -> 0 | AG879: =+DB!AK879 -> 0
